
SERIAL NO.,,ID,,NAME,,PHONE
1,,0685943045,,Taro
SERIAL NO.,,ID,,NAME,,PHONE
1,,0678060565,,Christian
SERIAL NO.,,ID,,NAME,,PHONE
SERIAL NO.,,ID,,NAME,,PHONE
1,,4234234,,mark
SERIAL NO.,,ID,,NAME,,PHONE
SERIAL NO.,,ID,,NAME,,PHONE
SERIAL NO.,,ID,,NAME,,PHONE
1,,1231233,,Mark Jade
SERIAL NO.,,ID,,NAME,,PHONE
1,,123123,,mark jade
SERIAL NO.,,ID,,NAME,,PHONE
1,,234234,,Mark Jade
SERIAL NO.,,ID,,NAME,,PHONE
1,,mark,,mark
SERIAL NO.,,ID,,NAME,,PHONE
1,,mark,,mark
SERIAL NO.,,ID,,NAME,,PHONE
1,,mark,,mark
